sequence_id,pair_id,split,class_name,gt_track_id,left_frame,right_frame,frame_gap,centroid_distance_px,mask_iou,passes_frozen_association_geometry
ideal:fixture_calibration_0000,fixture_calibration_0000,calibration,crop,calibration:fixture_calibration_0000:crop/sorghum_rows/000000,0,1,1,59.56238211918343,0.05692640692640693,True
ideal:fixture_calibration_0000,fixture_calibration_0000,calibration,crop,calibration:fixture_calibration_0000:crop/sorghum_rows/000000,1,2,1,56.89339075633034,0.0,True
ideal:fixture_calibration_0000,fixture_calibration_0000,calibration,crop,calibration:fixture_calibration_0000:crop/sorghum_rows/000000,2,3,1,101.8236549827696,0.0,True
ideal:fixture_calibration_0000,fixture_calibration_0000,calibration,crop,calibration:fixture_calibration_0000:crop/sorghum_rows/000000,3,4,1,128.2767745909979,0.0,True
ideal:fixture_calibration_0000,fixture_calibration_0000,calibration,crop,calibration:fixture_calibration_0000:crop/sorghum_rows/000000,4,5,1,146.94046738811284,0.0,True
ideal:fixture_calibration_0000,fixture_calibration_0000,calibration,crop,calibration:fixture_calibration_0000:crop/sorghum_rows/000000,5,6,1,155.36065491088712,0.0,True
ideal:fixture_calibration_0000,fixture_calibration_0000,calibration,crop,calibration:fixture_calibration_0000:crop/sorghum_rows/000000,6,7,1,199.32205120496607,0.0,False
ideal:fixture_calibration_0000,fixture_calibration_0000,calibration,crop,calibration:fixture_calibration_0000:crop/sorghum_rows/000000,7,8,1,188.00943200605346,0.0,False
ideal:fixture_calibration_0000,fixture_calibration_0000,calibration,crop,calibration:fixture_calibration_0000:crop/sorghum_rows/000000,8,9,1,211.8765439866901,0.0,False
ideal:fixture_calibration_0000,fixture_calibration_0000,calibration,crop,calibration:fixture_calibration_0000:crop/sorghum_rows/000001,0,1,1,57.83161415116052,0.02675343456254519,True
ideal:fixture_calibration_0000,fixture_calibration_0000,calibration,crop,calibration:fixture_calibration_0000:crop/sorghum_rows/000001,1,2,1,55.88531873260933,0.02944015444015444,True
ideal:fixture_calibration_0000,fixture_calibration_0000,calibration,crop,calibration:fixture_calibration_0000:crop/sorghum_rows/000001,2,3,1,100.69521556527145,0.010501750291715286,True
ideal:fixture_calibration_0000,fixture_calibration_0000,calibration,crop,calibration:fixture_calibration_0000:crop/sorghum_rows/000001,3,4,1,126.6095120952276,0.0,True
ideal:fixture_calibration_0000,fixture_calibration_0000,calibration,crop,calibration:fixture_calibration_0000:crop/sorghum_rows/000001,4,5,1,144.92279769047755,0.0,True
ideal:fixture_calibration_0000,fixture_calibration_0000,calibration,crop,calibration:fixture_calibration_0000:crop/sorghum_rows/000001,5,6,1,152.73768624409848,0.0,True
ideal:fixture_calibration_0000,fixture_calibration_0000,calibration,crop,calibration:fixture_calibration_0000:crop/sorghum_rows/000001,6,7,1,194.651384992969,0.0,False
ideal:fixture_calibration_0000,fixture_calibration_0000,calibration,crop,calibration:fixture_calibration_0000:crop/sorghum_rows/000001,7,8,1,185.20129883627428,0.0,False
ideal:fixture_calibration_0000,fixture_calibration_0000,calibration,crop,calibration:fixture_calibration_0000:crop/sorghum_rows/000001,8,9,1,227.90480530122264,0.0,False
ideal:fixture_calibration_0000,fixture_calibration_0000,calibration,crop,calibration:fixture_calibration_0000:crop/sorghum_rows/000001,9,10,1,226.56788658586217,0.0,False
ideal:fixture_calibration_0000,fixture_calibration_0000,calibration,crop,calibration:fixture_calibration_0000:crop/sorghum_rows/000001,10,11,1,277.90482198831955,0.0,False
ideal:fixture_calibration_0000,fixture_calibration_0000,calibration,crop,calibration:fixture_calibration_0000:crop/sorghum_rows/000001,11,12,1,223.3056094956279,0.0,False
ideal:fixture_calibration_0000,fixture_calibration_0000,calibration,crop,calibration:fixture_calibration_0000:crop/sorghum_rows/000001,12,13,1,235.00920027125122,0.0,False
ideal:fixture_calibration_0000,fixture_calibration_0000,calibration,crop,calibration:fixture_calibration_0000:crop/sorghum_rows/000002,8,9,1,213.64260612009505,0.0,False
ideal:fixture_calibration_0000,fixture_calibration_0000,calibration,crop,calibration:fixture_calibration_0000:crop/sorghum_rows/000002,9,10,1,224.80731875132244,0.0,False
ideal:fixture_calibration_0000,fixture_calibration_0000,calibration,crop,calibration:fixture_calibration_0000:crop/sorghum_rows/000002,10,11,1,279.9333381847046,0.0,False
ideal:fixture_calibration_0000,fixture_calibration_0000,calibration,crop,calibration:fixture_calibration_0000:crop/sorghum_rows/000002,11,12,1,232.90258256010196,0.0,False
ideal:fixture_calibration_0000,fixture_calibration_0000,calibration,crop,calibration:fixture_calibration_0000:crop/sorghum_rows/000002,12,13,1,261.28256867607035,0.0,False
ideal:fixture_calibration_0000,fixture_calibration_0000,calibration,crop,calibration:fixture_calibration_0000:crop/sorghum_rows/000002,13,14,1,242.98778791628857,0.0,False
ideal:fixture_calibration_0000,fixture_calibration_0000,calibration,crop,calibration:fixture_calibration_0000:crop/sorghum_rows/000002,14,15,1,338.04374968966795,0.0,False
ideal:fixture_calibration_0000,fixture_calibration_0000,calibration,crop,calibration:fixture_calibration_0000:crop/sorghum_rows/000002,15,16,1,242.85545581279862,0.0,False
ideal:fixture_calibration_0000,fixture_calibration_0000,calibration,crop,calibration:fixture_calibration_0000:crop/sorghum_rows/000002,16,17,1,199.7971676356607,0.0,False
ideal:fixture_calibration_0000,fixture_calibration_0000,calibration,crop,calibration:fixture_calibration_0000:crop/sorghum_rows/000003,12,13,1,226.57452423881264,0.0,False
ideal:fixture_calibration_0000,fixture_calibration_0000,calibration,crop,calibration:fixture_calibration_0000:crop/sorghum_rows/000003,13,14,1,241.38857847685847,0.0,False
ideal:fixture_calibration_0000,fixture_calibration_0000,calibration,crop,calibration:fixture_calibration_0000:crop/sorghum_rows/000003,14,15,1,334.01720368083465,0.0,False
ideal:fixture_calibration_0000,fixture_calibration_0000,calibration,crop,calibration:fixture_calibration_0000:crop/sorghum_rows/000003,15,16,1,239.425336149663,0.0,False
ideal:fixture_calibration_0000,fixture_calibration_0000,calibration,crop,calibration:fixture_calibration_0000:crop/sorghum_rows/000003,16,17,1,251.8429276600054,0.0,False
ideal:fixture_calibration_0000,fixture_calibration_0000,calibration,crop,calibration:fixture_calibration_0000:crop/sorghum_rows/000003,17,18,1,272.9046257684227,0.0,False
ideal:fixture_calibration_0000,fixture_calibration_0000,calibration,crop,calibration:fixture_calibration_0000:crop/sorghum_rows/000003,18,19,1,227.27877736861572,0.0,False
ideal:fixture_calibration_0000,fixture_calibration_0000,calibration,crop,calibration:fixture_calibration_0000:crop/sorghum_rows/000003,19,20,1,212.5553569171501,0.0,False
ideal:fixture_calibration_0000,fixture_calibration_0000,calibration,crop,calibration:fixture_calibration_0000:crop/sorghum_rows/000003,20,21,1,176.39109080467753,0.0,False
ideal:fixture_calibration_0000,fixture_calibration_0000,calibration,crop,calibration:fixture_calibration_0000:crop/sorghum_rows/000004,16,17,1,208.32839534026357,0.0,False
ideal:fixture_calibration_0000,fixture_calibration_0000,calibration,crop,calibration:fixture_calibration_0000:crop/sorghum_rows/000004,17,18,1,272.64759323823955,0.0,False
ideal:fixture_calibration_0000,fixture_calibration_0000,calibration,crop,calibration:fixture_calibration_0000:crop/sorghum_rows/000004,18,19,1,225.9008234155394,0.0,False
ideal:fixture_calibration_0000,fixture_calibration_0000,calibration,crop,calibration:fixture_calibration_0000:crop/sorghum_rows/000004,19,20,1,211.76337537017616,0.0,False
ideal:fixture_calibration_0000,fixture_calibration_0000,calibration,crop,calibration:fixture_calibration_0000:crop/sorghum_rows/000004,20,21,1,204.63450095146666,0.0,False
ideal:fixture_calibration_0000,fixture_calibration_0000,calibration,crop,calibration:fixture_calibration_0000:crop/sorghum_rows/000004,21,22,1,183.7566178894952,0.0,False
ideal:fixture_calibration_0000,fixture_calibration_0000,calibration,crop,calibration:fixture_calibration_0000:crop/sorghum_rows/000004,22,23,1,246.64827732330343,0.0,False
ideal:fixture_calibration_0000,fixture_calibration_0000,calibration,crop,calibration:fixture_calibration_0000:crop/sorghum_rows/000004,23,24,1,230.223717738156,0.0,False
ideal:fixture_calibration_0000,fixture_calibration_0000,calibration,crop,calibration:fixture_calibration_0000:crop/sorghum_rows/000004,24,25,1,196.68382573051093,0.0,False
ideal:fixture_calibration_0000,fixture_calibration_0000,calibration,crop,calibration:fixture_calibration_0000:crop/sorghum_rows/000004,25,26,1,104.12129917107772,0.04280413464086934,True
ideal:fixture_calibration_0000,fixture_calibration_0000,calibration,crop,calibration:fixture_calibration_0000:crop/sorghum_rows/000004,26,27,1,77.04558595657961,0.037099934683213584,True
ideal:fixture_calibration_0000,fixture_calibration_0000,calibration,crop,calibration:fixture_calibration_0000:crop/sorghum_rows/000004,27,28,1,50.33067016074223,0.013482280431432974,True
ideal:fixture_calibration_0000,fixture_calibration_0000,calibration,crop,calibration:fixture_calibration_0000:crop/sorghum_rows/000004,28,29,1,10.859278975807475,0.26276525198938994,True
ideal:fixture_calibration_0000,fixture_calibration_0000,calibration,crop,calibration:fixture_calibration_0000:crop/sorghum_rows/000005,20,21,1,151.4901014709986,0.0,True
ideal:fixture_calibration_0000,fixture_calibration_0000,calibration,crop,calibration:fixture_calibration_0000:crop/sorghum_rows/000005,21,22,1,182.95553204373977,0.0,False
ideal:fixture_calibration_0000,fixture_calibration_0000,calibration,crop,calibration:fixture_calibration_0000:crop/sorghum_rows/000005,22,23,1,249.26989940377396,0.0,False
ideal:fixture_calibration_0000,fixture_calibration_0000,calibration,crop,calibration:fixture_calibration_0000:crop/sorghum_rows/000005,23,24,1,229.7278169656665,0.0,False
ideal:fixture_calibration_0000,fixture_calibration_0000,calibration,crop,calibration:fixture_calibration_0000:crop/sorghum_rows/000005,24,25,1,199.6226324273238,0.0,False
ideal:fixture_calibration_0000,fixture_calibration_0000,calibration,crop,calibration:fixture_calibration_0000:crop/sorghum_rows/000005,25,26,1,104.56152219691583,0.0,True
ideal:fixture_calibration_0000,fixture_calibration_0000,calibration,crop,calibration:fixture_calibration_0000:crop/sorghum_rows/000005,26,27,1,78.03868204592239,0.0,True
ideal:fixture_calibration_0000,fixture_calibration_0000,calibration,crop,calibration:fixture_calibration_0000:crop/sorghum_rows/000005,27,28,1,52.45005406744925,0.2706835907631136,True
ideal:fixture_calibration_0000,fixture_calibration_0000,calibration,crop,calibration:fixture_calibration_0000:crop/sorghum_rows/000005,28,29,1,16.45972093487551,0.3049107847781462,True
ideal:fixture_calibration_0000,fixture_calibration_0000,calibration,crop,calibration:fixture_calibration_0000:crop/sorghum_rows/000006,0,1,1,59.277283910935815,0.03126621691748832,True
ideal:fixture_calibration_0000,fixture_calibration_0000,calibration,crop,calibration:fixture_calibration_0000:crop/sorghum_rows/000006,1,2,1,56.15101839358556,0.023360867320598864,True
ideal:fixture_calibration_0000,fixture_calibration_0000,calibration,crop,calibration:fixture_calibration_0000:crop/sorghum_rows/000006,2,3,1,100.2108313886372,0.01564303115784075,True
ideal:fixture_calibration_0000,fixture_calibration_0000,calibration,crop,calibration:fixture_calibration_0000:crop/sorghum_rows/000006,3,4,1,126.39369753779921,0.0,True
ideal:fixture_calibration_0000,fixture_calibration_0000,calibration,crop,calibration:fixture_calibration_0000:crop/sorghum_rows/000006,4,5,1,144.84155132023005,0.0,True
ideal:fixture_calibration_0000,fixture_calibration_0000,calibration,crop,calibration:fixture_calibration_0000:crop/sorghum_rows/000006,5,6,1,153.7264756600247,0.0,True
ideal:fixture_calibration_0000,fixture_calibration_0000,calibration,crop,calibration:fixture_calibration_0000:crop/sorghum_rows/000006,6,7,1,199.32523748850463,0.0,False
ideal:fixture_calibration_0000,fixture_calibration_0000,calibration,crop,calibration:fixture_calibration_0000:crop/sorghum_rows/000006,7,8,1,187.5808004478289,0.0,False
ideal:fixture_calibration_0000,fixture_calibration_0000,calibration,crop,calibration:fixture_calibration_0000:crop/sorghum_rows/000006,8,9,1,196.2111578283772,0.0,False
ideal:fixture_calibration_0000,fixture_calibration_0000,calibration,crop,calibration:fixture_calibration_0000:crop/sorghum_rows/000007,0,1,1,58.626723983619904,0.02010948497374595,True
ideal:fixture_calibration_0000,fixture_calibration_0000,calibration,crop,calibration:fixture_calibration_0000:crop/sorghum_rows/000007,1,2,1,52.81751384155962,0.023406320785244312,True
ideal:fixture_calibration_0000,fixture_calibration_0000,calibration,crop,calibration:fixture_calibration_0000:crop/sorghum_rows/000007,2,3,1,100.73995492249847,0.03807982740021575,True
ideal:fixture_calibration_0000,fixture_calibration_0000,calibration,crop,calibration:fixture_calibration_0000:crop/sorghum_rows/000007,3,4,1,126.96760442734316,0.029931093884582257,True
ideal:fixture_calibration_0000,fixture_calibration_0000,calibration,crop,calibration:fixture_calibration_0000:crop/sorghum_rows/000007,4,5,1,145.9475506117347,0.017619252256123763,True
ideal:fixture_calibration_0000,fixture_calibration_0000,calibration,crop,calibration:fixture_calibration_0000:crop/sorghum_rows/000007,5,6,1,155.55326659478987,0.007428940568475452,True
ideal:fixture_calibration_0000,fixture_calibration_0000,calibration,crop,calibration:fixture_calibration_0000:crop/sorghum_rows/000007,6,7,1,199.07410989796455,0.0,False
ideal:fixture_calibration_0000,fixture_calibration_0000,calibration,crop,calibration:fixture_calibration_0000:crop/sorghum_rows/000007,7,8,1,189.03208784328507,0.0,False
ideal:fixture_calibration_0000,fixture_calibration_0000,calibration,crop,calibration:fixture_calibration_0000:crop/sorghum_rows/000007,8,9,1,229.76542474574075,0.0,False
ideal:fixture_calibration_0000,fixture_calibration_0000,calibration,crop,calibration:fixture_calibration_0000:crop/sorghum_rows/000007,9,10,1,231.30906297966456,0.0,False
ideal:fixture_calibration_0000,fixture_calibration_0000,calibration,crop,calibration:fixture_calibration_0000:crop/sorghum_rows/000007,10,11,1,281.5666674786868,0.0,False
ideal:fixture_calibration_0000,fixture_calibration_0000,calibration,crop,calibration:fixture_calibration_0000:crop/sorghum_rows/000007,11,12,1,229.77084967450617,0.0,False
ideal:fixture_calibration_0000,fixture_calibration_0000,calibration,crop,calibration:fixture_calibration_0000:crop/sorghum_rows/000007,12,13,1,220.9854636534567,0.0,False
ideal:fixture_calibration_0000,fixture_calibration_0000,calibration,crop,calibration:fixture_calibration_0000:crop/sorghum_rows/000008,8,9,1,219.5378328612963,0.0,False
ideal:fixture_calibration_0000,fixture_calibration_0000,calibration,crop,calibration:fixture_calibration_0000:crop/sorghum_rows/000008,9,10,1,228.3260252101495,0.0,False
ideal:fixture_calibration_0000,fixture_calibration_0000,calibration,crop,calibration:fixture_calibration_0000:crop/sorghum_rows/000008,10,11,1,282.5604542548524,0.0,False
ideal:fixture_calibration_0000,fixture_calibration_0000,calibration,crop,calibration:fixture_calibration_0000:crop/sorghum_rows/000008,11,12,1,227.31046168275628,0.0,False
ideal:fixture_calibration_0000,fixture_calibration_0000,calibration,crop,calibration:fixture_calibration_0000:crop/sorghum_rows/000008,12,13,1,261.29517398166615,0.0,False
ideal:fixture_calibration_0000,fixture_calibration_0000,calibration,crop,calibration:fixture_calibration_0000:crop/sorghum_rows/000008,13,14,1,242.54853600506055,0.0,False
ideal:fixture_calibration_0000,fixture_calibration_0000,calibration,crop,calibration:fixture_calibration_0000:crop/sorghum_rows/000008,14,15,1,341.4095801599916,0.0,False
ideal:fixture_calibration_0000,fixture_calibration_0000,calibration,crop,calibration:fixture_calibration_0000:crop/sorghum_rows/000008,15,16,1,241.19864151083624,0.0,False
ideal:fixture_calibration_0000,fixture_calibration_0000,calibration,crop,calibration:fixture_calibration_0000:crop/sorghum_rows/000008,16,17,1,183.4575072435535,0.0,False
ideal:fixture_calibration_0000,fixture_calibration_0000,calibration,crop,calibration:fixture_calibration_0000:crop/sorghum_rows/000009,12,13,1,240.12207956621518,0.0,False
ideal:fixture_calibration_0000,fixture_calibration_0000,calibration,crop,calibration:fixture_calibration_0000:crop/sorghum_rows/000009,13,14,1,238.48136769433395,0.0,False
ideal:fixture_calibration_0000,fixture_calibration_0000,calibration,crop,calibration:fixture_calibration_0000:crop/sorghum_rows/000009,14,15,1,333.4341698908136,0.0,False
ideal:fixture_calibration_0000,fixture_calibration_0000,calibration,crop,calibration:fixture_calibration_0000:crop/sorghum_rows/000009,15,16,1,235.9095930320148,0.0,False
ideal:fixture_calibration_0000,fixture_calibration_0000,calibration,crop,calibration:fixture_calibration_0000:crop/sorghum_rows/000009,16,17,1,248.711788366441,0.0,False
ideal:fixture_calibration_0000,fixture_calibration_0000,calibration,crop,calibration:fixture_calibration_0000:crop/sorghum_rows/000009,17,18,1,270.5734547268377,0.0,False
ideal:fixture_calibration_0000,fixture_calibration_0000,calibration,crop,calibration:fixture_calibration_0000:crop/sorghum_rows/000009,18,19,1,225.22768183135608,0.0,False
ideal:fixture_calibration_0000,fixture_calibration_0000,calibration,crop,calibration:fixture_calibration_0000:crop/sorghum_rows/000009,19,20,1,209.67736685847296,0.0,False
ideal:fixture_calibration_0000,fixture_calibration_0000,calibration,crop,calibration:fixture_calibration_0000:crop/sorghum_rows/000009,20,21,1,198.47390033444398,0.0,False
ideal:fixture_calibration_0000,fixture_calibration_0000,calibration,crop,calibration:fixture_calibration_0000:crop/sorghum_rows/000010,16,17,1,231.63927606656907,0.0,False
ideal:fixture_calibration_0000,fixture_calibration_0000,calibration,crop,calibration:fixture_calibration_0000:crop/sorghum_rows/000010,17,18,1,277.7211384635513,0.0,False
ideal:fixture_calibration_0000,fixture_calibration_0000,calibration,crop,calibration:fixture_calibration_0000:crop/sorghum_rows/000010,18,19,1,227.23568874461807,0.0,False
ideal:fixture_calibration_0000,fixture_calibration_0000,calibration,crop,calibration:fixture_calibration_0000:crop/sorghum_rows/000010,19,20,1,212.7778767565453,0.0,False
ideal:fixture_calibration_0000,fixture_calibration_0000,calibration,crop,calibration:fixture_calibration_0000:crop/sorghum_rows/000010,20,21,1,205.5766306204286,0.0,False
ideal:fixture_calibration_0000,fixture_calibration_0000,calibration,crop,calibration:fixture_calibration_0000:crop/sorghum_rows/000010,21,22,1,183.40441898239825,0.0,False
ideal:fixture_calibration_0000,fixture_calibration_0000,calibration,crop,calibration:fixture_calibration_0000:crop/sorghum_rows/000010,22,23,1,246.28078562198004,0.0,False
ideal:fixture_calibration_0000,fixture_calibration_0000,calibration,crop,calibration:fixture_calibration_0000:crop/sorghum_rows/000010,23,24,1,234.63195085695818,0.015465760772394064,False
ideal:fixture_calibration_0000,fixture_calibration_0000,calibration,crop,calibration:fixture_calibration_0000:crop/sorghum_rows/000010,24,25,1,196.18643366199905,0.0,False
ideal:fixture_calibration_0000,fixture_calibration_0000,calibration,crop,calibration:fixture_calibration_0000:crop/sorghum_rows/000010,25,26,1,104.39066278050213,0.04310863031343924,True
ideal:fixture_calibration_0000,fixture_calibration_0000,calibration,crop,calibration:fixture_calibration_0000:crop/sorghum_rows/000010,26,27,1,75.58971268800298,0.0,True
ideal:fixture_calibration_0000,fixture_calibration_0000,calibration,crop,calibration:fixture_calibration_0000:crop/sorghum_rows/000010,27,28,1,44.4233779484162,0.002139991083370486,True
ideal:fixture_calibration_0000,fixture_calibration_0000,calibration,crop,calibration:fixture_calibration_0000:crop/sorghum_rows/000010,28,29,1,9.966446045908434,0.32808181315644,True
ideal:fixture_calibration_0000,fixture_calibration_0000,calibration,crop,calibration:fixture_calibration_0000:crop/sorghum_rows/000011,20,21,1,123.85917548762872,0.0,True
ideal:fixture_calibration_0000,fixture_calibration_0000,calibration,crop,calibration:fixture_calibration_0000:crop/sorghum_rows/000011,21,22,1,183.67771407715404,0.0,False
ideal:fixture_calibration_0000,fixture_calibration_0000,calibration,crop,calibration:fixture_calibration_0000:crop/sorghum_rows/000011,22,23,1,246.0167783824313,0.0,False
ideal:fixture_calibration_0000,fixture_calibration_0000,calibration,crop,calibration:fixture_calibration_0000:crop/sorghum_rows/000011,23,24,1,230.69023438756258,0.0,False
ideal:fixture_calibration_0000,fixture_calibration_0000,calibration,crop,calibration:fixture_calibration_0000:crop/sorghum_rows/000011,24,25,1,195.30126179372547,0.0,False
ideal:fixture_calibration_0000,fixture_calibration_0000,calibration,crop,calibration:fixture_calibration_0000:crop/sorghum_rows/000011,25,26,1,104.9394785315215,0.002849002849002849,True
ideal:fixture_calibration_0000,fixture_calibration_0000,calibration,crop,calibration:fixture_calibration_0000:crop/sorghum_rows/000011,26,27,1,77.41517485383059,0.06330224904004389,True
ideal:fixture_calibration_0000,fixture_calibration_0000,calibration,crop,calibration:fixture_calibration_0000:crop/sorghum_rows/000011,27,28,1,51.82861951895787,0.1028080229226361,True
ideal:fixture_calibration_0000,fixture_calibration_0000,calibration,crop,calibration:fixture_calibration_0000:crop/sorghum_rows/000011,28,29,1,16.05366393199191,0.2736688354800159,True
ideal:fixture_calibration_0000,fixture_calibration_0000,calibration,weed,calibration:fixture_calibration_0000:weed/broadleaf/000000,3,4,1,61.94990870534176,0.010758234470562228,True
ideal:fixture_calibration_0000,fixture_calibration_0000,calibration,weed,calibration:fixture_calibration_0000:weed/broadleaf/000000,4,5,1,89.53219694055171,0.01450660477181964,True
ideal:fixture_calibration_0000,fixture_calibration_0000,calibration,weed,calibration:fixture_calibration_0000:weed/broadleaf/000000,5,6,1,143.83836919970724,0.04261453814411174,True
ideal:fixture_calibration_0000,fixture_calibration_0000,calibration,weed,calibration:fixture_calibration_0000:weed/broadleaf/000000,6,7,1,190.74067013473936,0.05883572113267183,False
ideal:fixture_calibration_0000,fixture_calibration_0000,calibration,weed,calibration:fixture_calibration_0000:weed/broadleaf/000000,7,8,1,181.47783264306227,0.05178738583752878,False
ideal:fixture_calibration_0000,fixture_calibration_0000,calibration,weed,calibration:fixture_calibration_0000:weed/broadleaf/000000,8,9,1,220.77271545207026,0.03431886318765691,False
ideal:fixture_calibration_0000,fixture_calibration_0000,calibration,weed,calibration:fixture_calibration_0000:weed/broadleaf/000000,9,10,1,221.72735632220093,0.014036392368292626,False
ideal:fixture_calibration_0000,fixture_calibration_0000,calibration,weed,calibration:fixture_calibration_0000:weed/broadleaf/000000,10,11,1,271.62086576369757,0.01656310021466501,False
ideal:fixture_calibration_0000,fixture_calibration_0000,calibration,weed,calibration:fixture_calibration_0000:weed/broadleaf/000000,11,12,1,221.17939035229514,0.008449902585319935,False
ideal:fixture_calibration_0000,fixture_calibration_0000,calibration,weed,calibration:fixture_calibration_0000:weed/broadleaf/000000,12,13,1,253.00711627487152,0.007148223677149297,False
ideal:fixture_calibration_0000,fixture_calibration_0000,calibration,weed,calibration:fixture_calibration_0000:weed/broadleaf/000000,13,14,1,235.07910717952404,0.0,False
ideal:fixture_calibration_0000,fixture_calibration_0000,calibration,weed,calibration:fixture_calibration_0000:weed/broadleaf/000000,14,15,1,242.85947562112526,0.0,False
ideal:fixture_calibration_0000,fixture_calibration_0000,calibration,weed,calibration:fixture_calibration_0000:weed/broadleaf/000003,18,19,1,197.28200442034986,0.0,False
ideal:fixture_calibration_0000,fixture_calibration_0000,calibration,weed,calibration:fixture_calibration_0000:weed/broadleaf/000003,19,20,1,195.3119326606704,0.0,False
ideal:fixture_calibration_0000,fixture_calibration_0000,calibration,weed,calibration:fixture_calibration_0000:weed/broadleaf/000003,20,21,1,202.61857759139565,0.0,False
ideal:fixture_calibration_0000,fixture_calibration_0000,calibration,weed,calibration:fixture_calibration_0000:weed/broadleaf/000003,21,22,1,172.444594637503,0.0,False
ideal:fixture_calibration_0000,fixture_calibration_0000,calibration,weed,calibration:fixture_calibration_0000:weed/broadleaf/000003,22,24,2,299.8499710623353,0.0,False
ideal:fixture_calibration_0000,fixture_calibration_0000,calibration,weed,calibration:fixture_calibration_0000:weed/broadleaf/000005,13,14,1,194.53247163995607,0.0,False
ideal:fixture_calibration_0000,fixture_calibration_0000,calibration,weed,calibration:fixture_calibration_0000:weed/broadleaf/000005,14,15,1,321.94408748280347,0.0,False
ideal:fixture_calibration_0000,fixture_calibration_0000,calibration,weed,calibration:fixture_calibration_0000:weed/broadleaf/000005,15,16,1,229.34758594646334,0.0,False
ideal:fixture_calibration_0000,fixture_calibration_0000,calibration,weed,calibration:fixture_calibration_0000:weed/broadleaf/000005,16,17,1,240.61286575364008,0.0,False
ideal:fixture_calibration_0000,fixture_calibration_0000,calibration,weed,calibration:fixture_calibration_0000:weed/broadleaf/000005,17,18,1,259.6426903025649,0.0,False
ideal:fixture_calibration_0000,fixture_calibration_0000,calibration,weed,calibration:fixture_calibration_0000:weed/broadleaf/000005,18,19,1,218.01190553998794,0.0,False
ideal:fixture_calibration_0000,fixture_calibration_0000,calibration,weed,calibration:fixture_calibration_0000:weed/broadleaf/000005,19,20,1,203.4910047438992,5.4658747221513686e-05,False
ideal:fixture_calibration_0000,fixture_calibration_0000,calibration,weed,calibration:fixture_calibration_0000:weed/broadleaf/000005,20,21,1,194.89761134687276,0.0030837727861613416,False
ideal:fixture_calibration_0000,fixture_calibration_0000,calibration,weed,calibration:fixture_calibration_0000:weed/broadleaf/000005,21,22,1,176.67741982010708,0.012933016906746142,False
ideal:fixture_calibration_0000,fixture_calibration_0000,calibration,weed,calibration:fixture_calibration_0000:weed/broadleaf/000005,22,23,1,219.084196404881,0.0,False
ideal:fixture_calibration_0000,fixture_calibration_0000,calibration,weed,calibration:fixture_calibration_0000:weed/broadleaf/000006,8,9,1,133.47998463908235,0.0,True
ideal:fixture_calibration_0000,fixture_calibration_0000,calibration,weed,calibration:fixture_calibration_0000:weed/broadleaf/000006,9,10,1,203.50228494629366,0.0,False
ideal:fixture_calibration_0000,fixture_calibration_0000,calibration,weed,calibration:fixture_calibration_0000:weed/broadleaf/000006,10,13,3,663.0030377075133,0.0,False
ideal:fixture_calibration_0000,fixture_calibration_0000,calibration,weed,calibration:fixture_calibration_0000:weed/broadleaf/000006,13,15,2,460.5354553796865,0.0,False
ideal:fixture_calibration_0000,fixture_calibration_0000,calibration,weed,calibration:fixture_calibration_0000:weed/broadleaf/000006,15,16,1,229.33667691433513,0.0,False
ideal:fixture_calibration_0000,fixture_calibration_0000,calibration,weed,calibration:fixture_calibration_0000:weed/broadleaf/000006,16,17,1,228.26120951496964,0.0,False
ideal:fixture_test_0000,fixture_test_0000,test,crop,test:fixture_test_0000:crop/sorghum_rows/000000,0,1,1,167.83329061751803,0.04501978891820581,False
ideal:fixture_test_0000,fixture_test_0000,test,crop,test:fixture_test_0000:crop/sorghum_rows/000000,1,2,1,147.36573905938968,0.07720273004767295,True
ideal:fixture_test_0000,fixture_test_0000,test,crop,test:fixture_test_0000:crop/sorghum_rows/000000,2,3,1,179.5672132268406,0.0,False
ideal:fixture_test_0000,fixture_test_0000,test,crop,test:fixture_test_0000:crop/sorghum_rows/000000,3,4,1,219.00955240713964,0.00019913046364209618,False
ideal:fixture_test_0000,fixture_test_0000,test,crop,test:fixture_test_0000:crop/sorghum_rows/000000,4,5,1,267.5311613177538,0.0,False
ideal:fixture_test_0000,fixture_test_0000,test,crop,test:fixture_test_0000:crop/sorghum_rows/000000,5,6,1,274.5043896522893,0.0,False
ideal:fixture_test_0000,fixture_test_0000,test,crop,test:fixture_test_0000:crop/sorghum_rows/000001,0,1,1,148.37934058333622,0.0,True
ideal:fixture_test_0000,fixture_test_0000,test,crop,test:fixture_test_0000:crop/sorghum_rows/000001,1,2,1,137.75250883595223,0.0,True
ideal:fixture_test_0000,fixture_test_0000,test,crop,test:fixture_test_0000:crop/sorghum_rows/000001,2,3,1,142.19731054725472,0.11404685264663805,True
ideal:fixture_test_0000,fixture_test_0000,test,crop,test:fixture_test_0000:crop/sorghum_rows/000001,3,4,1,216.52391413672376,0.0,False
ideal:fixture_test_0000,fixture_test_0000,test,crop,test:fixture_test_0000:crop/sorghum_rows/000001,4,5,1,265.75287745962817,0.0,False
ideal:fixture_test_0000,fixture_test_0000,test,crop,test:fixture_test_0000:crop/sorghum_rows/000001,5,6,1,301.0604830764217,0.0,False
ideal:fixture_test_0000,fixture_test_0000,test,crop,test:fixture_test_0000:crop/sorghum_rows/000001,6,7,1,346.6789547765978,0.0,False
ideal:fixture_test_0000,fixture_test_0000,test,crop,test:fixture_test_0000:crop/sorghum_rows/000001,7,8,1,386.65381910655003,0.0,False
ideal:fixture_test_0000,fixture_test_0000,test,crop,test:fixture_test_0000:crop/sorghum_rows/000001,8,9,1,299.0688054861977,0.0,False
ideal:fixture_test_0000,fixture_test_0000,test,crop,test:fixture_test_0000:crop/sorghum_rows/000002,5,6,1,185.73391730686203,0.0,False
ideal:fixture_test_0000,fixture_test_0000,test,crop,test:fixture_test_0000:crop/sorghum_rows/000002,6,7,1,351.0338747553312,0.0,False
ideal:fixture_test_0000,fixture_test_0000,test,crop,test:fixture_test_0000:crop/sorghum_rows/000002,7,8,1,389.7936569600604,0.0,False
ideal:fixture_test_0000,fixture_test_0000,test,crop,test:fixture_test_0000:crop/sorghum_rows/000002,8,9,1,416.37274147642376,0.0,False
ideal:fixture_test_0000,fixture_test_0000,test,crop,test:fixture_test_0000:crop/sorghum_rows/000002,9,10,1,433.84132026155413,0.0,False
ideal:fixture_test_0000,fixture_test_0000,test,crop,test:fixture_test_0000:crop/sorghum_rows/000003,8,9,1,306.91443741353305,0.0,False
ideal:fixture_test_0000,fixture_test_0000,test,crop,test:fixture_test_0000:crop/sorghum_rows/000003,9,10,1,450.4032509752383,0.0,False
ideal:fixture_test_0000,fixture_test_0000,test,crop,test:fixture_test_0000:crop/sorghum_rows/000003,10,11,1,481.4281895433623,0.0,False
ideal:fixture_test_0000,fixture_test_0000,test,crop,test:fixture_test_0000:crop/sorghum_rows/000003,11,12,1,489.5999123367985,0.0,False
ideal:fixture_test_0000,fixture_test_0000,test,crop,test:fixture_test_0000:crop/sorghum_rows/000004,11,12,1,489.51705984466315,0.0,False
ideal:fixture_test_0000,fixture_test_0000,test,crop,test:fixture_test_0000:crop/sorghum_rows/000004,12,13,1,503.70920139768185,0.0,False
ideal:fixture_test_0000,fixture_test_0000,test,crop,test:fixture_test_0000:crop/sorghum_rows/000004,13,14,1,518.4273777261536,0.0,False
ideal:fixture_test_0000,fixture_test_0000,test,crop,test:fixture_test_0000:crop/sorghum_rows/000005,13,14,1,506.4353209298945,0.0,False
ideal:fixture_test_0000,fixture_test_0000,test,crop,test:fixture_test_0000:crop/sorghum_rows/000005,14,15,1,509.81394953204887,0.0,False
ideal:fixture_test_0000,fixture_test_0000,test,crop,test:fixture_test_0000:crop/sorghum_rows/000005,15,16,1,519.8310168789397,0.0,False
ideal:fixture_test_0000,fixture_test_0000,test,crop,test:fixture_test_0000:crop/sorghum_rows/000005,16,17,1,325.8419182088223,0.0,False
ideal:fixture_test_0000,fixture_test_0000,test,crop,test:fixture_test_0000:crop/sorghum_rows/000006,15,16,1,491.78056751865824,0.0,False
ideal:fixture_test_0000,fixture_test_0000,test,crop,test:fixture_test_0000:crop/sorghum_rows/000006,16,17,1,479.38712703700486,0.0,False
ideal:fixture_test_0000,fixture_test_0000,test,crop,test:fixture_test_0000:crop/sorghum_rows/000006,17,18,1,467.9216676292731,0.0,False
ideal:fixture_test_0000,fixture_test_0000,test,crop,test:fixture_test_0000:crop/sorghum_rows/000006,18,19,1,339.3325573972446,0.0,False
ideal:fixture_test_0000,fixture_test_0000,test,crop,test:fixture_test_0000:crop/sorghum_rows/000007,17,18,1,469.5757522916178,0.0,False
ideal:fixture_test_0000,fixture_test_0000,test,crop,test:fixture_test_0000:crop/sorghum_rows/000007,18,19,1,456.62761292507156,0.0,False
ideal:fixture_test_0000,fixture_test_0000,test,crop,test:fixture_test_0000:crop/sorghum_rows/000007,19,20,1,464.2887429011317,0.0,False
ideal:fixture_test_0000,fixture_test_0000,test,crop,test:fixture_test_0000:crop/sorghum_rows/000007,20,21,1,298.54101480673916,0.0,False
ideal:fixture_test_0000,fixture_test_0000,test,crop,test:fixture_test_0000:crop/sorghum_rows/000008,19,20,1,487.761369422082,0.0,False
ideal:fixture_test_0000,fixture_test_0000,test,crop,test:fixture_test_0000:crop/sorghum_rows/000008,20,21,1,433.9433495616671,0.0,False
ideal:fixture_test_0000,fixture_test_0000,test,crop,test:fixture_test_0000:crop/sorghum_rows/000008,21,22,1,400.9203744849282,0.0,False
ideal:fixture_test_0000,fixture_test_0000,test,crop,test:fixture_test_0000:crop/sorghum_rows/000008,22,23,1,370.8354766614127,0.0,False
ideal:fixture_test_0000,fixture_test_0000,test,crop,test:fixture_test_0000:crop/sorghum_rows/000008,23,24,1,244.60539201581722,0.004838709677419355,False
ideal:fixture_test_0000,fixture_test_0000,test,crop,test:fixture_test_0000:crop/sorghum_rows/000009,21,22,1,376.3131584303134,0.0,False
ideal:fixture_test_0000,fixture_test_0000,test,crop,test:fixture_test_0000:crop/sorghum_rows/000009,22,23,1,353.15647070385864,0.0,False
ideal:fixture_test_0000,fixture_test_0000,test,crop,test:fixture_test_0000:crop/sorghum_rows/000009,23,24,1,326.10090319633036,0.0,False
ideal:fixture_test_0000,fixture_test_0000,test,crop,test:fixture_test_0000:crop/sorghum_rows/000009,24,25,1,258.6671291022007,0.0,False
ideal:fixture_test_0000,fixture_test_0000,test,crop,test:fixture_test_0000:crop/sorghum_rows/000009,25,26,1,271.0972546424222,0.0,False
ideal:fixture_test_0000,fixture_test_0000,test,crop,test:fixture_test_0000:crop/sorghum_rows/000009,26,27,1,154.36710917429775,0.028202609793742107,True
ideal:fixture_test_0000,fixture_test_0000,test,crop,test:fixture_test_0000:crop/sorghum_rows/000009,27,28,1,146.60509998339964,0.00836594251787883,True
ideal:fixture_test_0000,fixture_test_0000,test,crop,test:fixture_test_0000:crop/sorghum_rows/000009,28,29,1,32.95591026993914,0.013750498206456756,True
ideal:fixture_test_0000,fixture_test_0000,test,crop,test:fixture_test_0000:crop/sorghum_rows/000010,23,24,1,238.65497080848021,0.015814199695626283,False
ideal:fixture_test_0000,fixture_test_0000,test,crop,test:fixture_test_0000:crop/sorghum_rows/000010,24,25,1,272.49377374620906,0.00644909972299169,False
ideal:fixture_test_0000,fixture_test_0000,test,crop,test:fixture_test_0000:crop/sorghum_rows/000010,25,26,1,283.80110797921475,0.0,False
ideal:fixture_test_0000,fixture_test_0000,test,crop,test:fixture_test_0000:crop/sorghum_rows/000010,26,27,1,162.75496071224146,0.028757198588147872,False
ideal:fixture_test_0000,fixture_test_0000,test,crop,test:fixture_test_0000:crop/sorghum_rows/000010,27,28,1,153.51486038953948,0.05771607181798357,True
ideal:fixture_test_0000,fixture_test_0000,test,crop,test:fixture_test_0000:crop/sorghum_rows/000010,28,29,1,34.9283270183401,0.31653439153439156,True
ideal:fixture_test_0000,fixture_test_0000,test,crop,test:fixture_test_0000:crop/sorghum_rows/000011,0,1,1,164.01292599520124,0.00042005040604872583,False
ideal:fixture_test_0000,fixture_test_0000,test,crop,test:fixture_test_0000:crop/sorghum_rows/000011,1,2,1,146.10003232292846,0.010830152671755725,True
ideal:fixture_test_0000,fixture_test_0000,test,crop,test:fixture_test_0000:crop/sorghum_rows/000011,2,3,1,178.25958272560783,0.0,False
ideal:fixture_test_0000,fixture_test_0000,test,crop,test:fixture_test_0000:crop/sorghum_rows/000011,3,4,1,219.50095438018633,0.03173637515842839,False
ideal:fixture_test_0000,fixture_test_0000,test,crop,test:fixture_test_0000:crop/sorghum_rows/000011,4,5,1,268.9514626123299,0.017125038339638073,False
ideal:fixture_test_0000,fixture_test_0000,test,crop,test:fixture_test_0000:crop/sorghum_rows/000011,5,6,1,203.62277288131148,0.0,False
ideal:fixture_test_0000,fixture_test_0000,test,crop,test:fixture_test_0000:crop/sorghum_rows/000012,0,1,1,163.47768965368726,0.0,False
ideal:fixture_test_0000,fixture_test_0000,test,crop,test:fixture_test_0000:crop/sorghum_rows/000012,1,2,1,145.65338887282329,0.04883296388055809,True
ideal:fixture_test_0000,fixture_test_0000,test,crop,test:fixture_test_0000:crop/sorghum_rows/000012,2,3,1,182.76046791383015,0.034122519626630404,False
ideal:fixture_test_0000,fixture_test_0000,test,crop,test:fixture_test_0000:crop/sorghum_rows/000012,3,4,1,223.00725852679477,0.0,False
ideal:fixture_test_0000,fixture_test_0000,test,crop,test:fixture_test_0000:crop/sorghum_rows/000012,4,5,1,273.2920954356135,0.0,False
ideal:fixture_test_0000,fixture_test_0000,test,crop,test:fixture_test_0000:crop/sorghum_rows/000012,5,6,1,305.91281706414287,0.0,False
ideal:fixture_test_0000,fixture_test_0000,test,crop,test:fixture_test_0000:crop/sorghum_rows/000012,6,7,1,348.9109809034381,0.0,False
ideal:fixture_test_0000,fixture_test_0000,test,crop,test:fixture_test_0000:crop/sorghum_rows/000012,7,8,1,379.4033602769873,0.0,False
ideal:fixture_test_0000,fixture_test_0000,test,crop,test:fixture_test_0000:crop/sorghum_rows/000013,6,7,1,333.6147028390401,0.0,False
ideal:fixture_test_0000,fixture_test_0000,test,crop,test:fixture_test_0000:crop/sorghum_rows/000013,7,8,1,377.9827827141832,0.0,False
ideal:fixture_test_0000,fixture_test_0000,test,crop,test:fixture_test_0000:crop/sorghum_rows/000013,8,9,1,408.95416811864004,0.0,False
ideal:fixture_test_0000,fixture_test_0000,test,crop,test:fixture_test_0000:crop/sorghum_rows/000013,9,10,1,430.15368066930955,0.0,False
ideal:fixture_test_0000,fixture_test_0000,test,crop,test:fixture_test_0000:crop/sorghum_rows/000014,8,9,1,294.13781646708196,0.0,False
ideal:fixture_test_0000,fixture_test_0000,test,crop,test:fixture_test_0000:crop/sorghum_rows/000014,9,10,1,449.404696913247,0.0,False
ideal:fixture_test_0000,fixture_test_0000,test,crop,test:fixture_test_0000:crop/sorghum_rows/000014,10,11,1,486.1708838323338,0.0,False
ideal:fixture_test_0000,fixture_test_0000,test,crop,test:fixture_test_0000:crop/sorghum_rows/000014,11,12,1,493.6302078147139,0.0,False
ideal:fixture_test_0000,fixture_test_0000,test,crop,test:fixture_test_0000:crop/sorghum_rows/000014,12,13,1,368.6693651078351,0.0,False
ideal:fixture_test_0000,fixture_test_0000,test,crop,test:fixture_test_0000:crop/sorghum_rows/000015,11,12,1,465.8904226405992,0.0,False
ideal:fixture_test_0000,fixture_test_0000,test,crop,test:fixture_test_0000:crop/sorghum_rows/000015,12,13,1,492.3861463436164,0.0,False
ideal:fixture_test_0000,fixture_test_0000,test,crop,test:fixture_test_0000:crop/sorghum_rows/000015,13,14,1,498.5629412689301,0.0,False
ideal:fixture_test_0000,fixture_test_0000,test,crop,test:fixture_test_0000:crop/sorghum_rows/000016,13,14,1,503.5527633781961,0.0,False
ideal:fixture_test_0000,fixture_test_0000,test,crop,test:fixture_test_0000:crop/sorghum_rows/000016,14,15,1,500.9747077347142,0.0,False
ideal:fixture_test_0000,fixture_test_0000,test,crop,test:fixture_test_0000:crop/sorghum_rows/000016,15,16,1,507.8703443449942,0.0,False
ideal:fixture_test_0000,fixture_test_0000,test,crop,test:fixture_test_0000:crop/sorghum_rows/000017,15,16,1,509.8245794719507,0.0,False
ideal:fixture_test_0000,fixture_test_0000,test,crop,test:fixture_test_0000:crop/sorghum_rows/000017,16,17,1,490.7958210866943,0.0,False
ideal:fixture_test_0000,fixture_test_0000,test,crop,test:fixture_test_0000:crop/sorghum_rows/000017,17,18,1,478.89545549130895,0.0,False
ideal:fixture_test_0000,fixture_test_0000,test,crop,test:fixture_test_0000:crop/sorghum_rows/000017,18,19,1,300.09827159094795,0.0,False
ideal:fixture_test_0000,fixture_test_0000,test,crop,test:fixture_test_0000:crop/sorghum_rows/000018,16,17,1,349.0713960768225,0.0,False
ideal:fixture_test_0000,fixture_test_0000,test,crop,test:fixture_test_0000:crop/sorghum_rows/000018,17,18,1,480.881777302321,0.0,False
ideal:fixture_test_0000,fixture_test_0000,test,crop,test:fixture_test_0000:crop/sorghum_rows/000018,18,19,1,462.01731401757013,0.0,False
ideal:fixture_test_0000,fixture_test_0000,test,crop,test:fixture_test_0000:crop/sorghum_rows/000018,19,20,1,464.9764817688714,0.0,False
ideal:fixture_test_0000,fixture_test_0000,test,crop,test:fixture_test_0000:crop/sorghum_rows/000018,20,21,1,282.2170178522481,0.0,False
ideal:fixture_test_0000,fixture_test_0000,test,crop,test:fixture_test_0000:crop/sorghum_rows/000019,18,19,1,342.1474994463975,0.0,False
ideal:fixture_test_0000,fixture_test_0000,test,crop,test:fixture_test_0000:crop/sorghum_rows/000019,19,20,1,473.91562991560795,0.0,False
ideal:fixture_test_0000,fixture_test_0000,test,crop,test:fixture_test_0000:crop/sorghum_rows/000019,20,21,1,418.1212674708013,0.0,False
ideal:fixture_test_0000,fixture_test_0000,test,crop,test:fixture_test_0000:crop/sorghum_rows/000019,21,22,1,387.48089493634563,0.0,False
ideal:fixture_test_0000,fixture_test_0000,test,crop,test:fixture_test_0000:crop/sorghum_rows/000019,22,23,1,340.72897357852986,0.0,False
ideal:fixture_test_0000,fixture_test_0000,test,crop,test:fixture_test_0000:crop/sorghum_rows/000019,23,24,1,225.67367359223286,0.0,False
ideal:fixture_test_0000,fixture_test_0000,test,crop,test:fixture_test_0000:crop/sorghum_rows/000020,21,22,1,386.88585023629713,0.0,False
ideal:fixture_test_0000,fixture_test_0000,test,crop,test:fixture_test_0000:crop/sorghum_rows/000020,22,23,1,361.00759291665895,0.0,False
ideal:fixture_test_0000,fixture_test_0000,test,crop,test:fixture_test_0000:crop/sorghum_rows/000020,23,24,1,332.6675549568743,0.0,False
ideal:fixture_test_0000,fixture_test_0000,test,crop,test:fixture_test_0000:crop/sorghum_rows/000020,24,25,1,261.6859604197381,0.014768531667140017,False
ideal:fixture_test_0000,fixture_test_0000,test,crop,test:fixture_test_0000:crop/sorghum_rows/000020,25,26,1,272.5989433211124,0.0,False
ideal:fixture_test_0000,fixture_test_0000,test,crop,test:fixture_test_0000:crop/sorghum_rows/000020,26,27,1,138.95634127729411,0.021742204624195714,True
ideal:fixture_test_0000,fixture_test_0000,test,crop,test:fixture_test_0000:crop/sorghum_rows/000020,27,28,1,112.4945332461078,0.051241941600303376,True
ideal:fixture_test_0000,fixture_test_0000,test,crop,test:fixture_test_0000:crop/sorghum_rows/000020,28,29,1,11.367468385775735,0.2825934987766515,True
ideal:fixture_test_0000,fixture_test_0000,test,crop,test:fixture_test_0000:crop/sorghum_rows/000021,23,24,1,271.8554269596962,0.0,False
ideal:fixture_test_0000,fixture_test_0000,test,crop,test:fixture_test_0000:crop/sorghum_rows/000021,24,25,1,259.62087594320747,0.0,False
ideal:fixture_test_0000,fixture_test_0000,test,crop,test:fixture_test_0000:crop/sorghum_rows/000021,25,26,1,271.659072092607,0.0,False
ideal:fixture_test_0000,fixture_test_0000,test,crop,test:fixture_test_0000:crop/sorghum_rows/000021,26,27,1,155.6464112435461,0.000712166172106825,True
ideal:fixture_test_0000,fixture_test_0000,test,crop,test:fixture_test_0000:crop/sorghum_rows/000021,27,28,1,146.35093817032666,0.06566329821543754,True
ideal:fixture_test_0000,fixture_test_0000,test,crop,test:fixture_test_0000:crop/sorghum_rows/000021,28,29,1,33.4776868570104,0.19334249803613512,True
ideal:fixture_test_0000,fixture_test_0000,test,weed,test:fixture_test_0000:weed/broadleaf/000001,17,18,1,373.85387927999477,0.0,False
ideal:fixture_test_0000,fixture_test_0000,test,weed,test:fixture_test_0000:weed/broadleaf/000001,18,19,1,429.4092878464589,0.0,False
ideal:fixture_test_0000,fixture_test_0000,test,weed,test:fixture_test_0000:weed/broadleaf/000001,19,20,1,400.95857246848794,0.0,False
ideal:fixture_test_0000,fixture_test_0000,test,weed,test:fixture_test_0000:weed/broadleaf/000001,20,21,1,395.4401356147493,0.0,False
ideal:fixture_test_0000,fixture_test_0000,test,weed,test:fixture_test_0000:weed/broadleaf/000001,21,22,1,351.53572817931865,0.0,False
ideal:fixture_test_0000,fixture_test_0000,test,weed,test:fixture_test_0000:weed/broadleaf/000002,22,23,1,346.8330740035359,0.0,False
ideal:fixture_test_0000,fixture_test_0000,test,weed,test:fixture_test_0000:weed/broadleaf/000002,23,24,1,319.894867461801,0.0,False
ideal:fixture_test_0000,fixture_test_0000,test,weed,test:fixture_test_0000:weed/broadleaf/000002,24,25,1,252.57849521142276,0.0,False
ideal:fixture_test_0000,fixture_test_0000,test,weed,test:fixture_test_0000:weed/broadleaf/000002,25,26,1,264.1182713549856,0.0,False
ideal:fixture_test_0000,fixture_test_0000,test,weed,test:fixture_test_0000:weed/broadleaf/000002,26,27,1,150.6763173308571,0.0,True
ideal:fixture_test_0000,fixture_test_0000,test,weed,test:fixture_test_0000:weed/broadleaf/000002,27,28,1,143.63277557954336,0.0,True
ideal:fixture_test_0000,fixture_test_0000,test,weed,test:fixture_test_0000:weed/broadleaf/000002,28,29,1,32.237348129800374,0.39441015326999096,True
ideal:fixture_test_0000,fixture_test_0000,test,weed,test:fixture_test_0000:weed/broadleaf/000004,20,21,1,379.1351119938161,0.0,False
ideal:fixture_test_0000,fixture_test_0000,test,weed,test:fixture_test_0000:weed/broadleaf/000004,21,22,1,367.00227696312226,0.0,False
ideal:fixture_test_0000,fixture_test_0000,test,weed,test:fixture_test_0000:weed/broadleaf/000004,22,23,1,343.0521955858439,0.0,False
ideal:fixture_test_0000,fixture_test_0000,test,weed,test:fixture_test_0000:weed/broadleaf/000004,23,24,1,315.8334757194654,3.828190797029324e-05,False
ideal:fixture_test_0000,fixture_test_0000,test,weed,test:fixture_test_0000:weed/broadleaf/000004,24,25,1,249.06167976369653,0.043479998002297356,False
ideal:fixture_test_0000,fixture_test_0000,test,weed,test:fixture_test_0000:weed/broadleaf/000004,25,26,1,256.73707496940654,0.0011519950015132139,False
ideal:fixture_test_0000,fixture_test_0000,test,weed,test:fixture_test_0000:weed/broadleaf/000004,26,27,1,62.57674577407119,0.2529002751543095,True
ideal:fixture_test_0000,fixture_test_0000,test,weed,test:fixture_test_0000:weed/broadleaf/000004,27,28,1,85.199777967848,0.14928352098259978,True
ideal:fixture_test_0000,fixture_test_0000,test,weed,test:fixture_test_0000:weed/broadleaf/000004,28,29,1,14.748318663455239,0.42504638218923935,True
ideal:fixture_test_0000,fixture_test_0000,test,weed,test:fixture_test_0000:weed/broadleaf/000006,10,11,1,436.0268458176386,0.0,False
ideal:fixture_test_0000,fixture_test_0000,test,weed,test:fixture_test_0000:weed/broadleaf/000006,11,12,1,440.59693354087744,0.0,False
ideal:fixture_test_0000,fixture_test_0000,test,weed,test:fixture_test_0000:weed/broadleaf/000006,12,13,1,448.917044635185,0.0,False
ideal:fixture_test_0000,fixture_test_0000,test,weed,test:fixture_test_0000:weed/broadleaf/000006,13,14,1,459.1767018286092,0.0,False
ideal:fixture_test_0000,fixture_test_0000,test,weed,test:fixture_test_0000:weed/broadleaf/000007,15,16,1,458.3583898358461,0.0,False
ideal:fixture_test_0000,fixture_test_0000,test,weed,test:fixture_test_0000:weed/broadleaf/000007,16,17,1,441.50442413319143,0.0,False
ideal:fixture_test_0000,fixture_test_0000,test,weed,test:fixture_test_0000:weed/broadleaf/000007,17,18,1,430.34248413923086,0.0,False
ideal:fixture_test_0000,fixture_test_0000,test,weed,test:fixture_test_0000:weed/broadleaf/000007,18,19,1,414.9138058598509,0.0,False
